rho,rho_u,rho_v,rho_E
1.176616,0.000000,122.563454,220714.281250
1.176616,0.000000,122.563454,220714.281250
1.176616,0.000000,122.563454,220714.281250
1.176616,0.000000,122.563454,220714.281250
